timestamp,temperature,humidity,pm_2_5_sp,pm_2_5
2023-02-11,29.218629956124023,71.43727929078594,0.36968991727755207,0.3433564672308667
2023-02-12,28.755252816323388,72.29648830496068,0.5713621917154745,0.5713621917154745
2023-02-13,28.55883321463691,73.23418426893089,0.6311555319650272,0.6311555319650272
2023-02-14,28.464742626286753,73.51004305517046,0.7728890489585677,0.7703961714656901
2023-02-15,28.54237956347552,70.30068468157764,0.49296469084028255,0.4894034372790291
2023-02-16,28.377281878379097,66.00750156856166,0.4872592123634108,0.4872592123634108
2023-02-17,28.752389728162242,69.00223929737517,0.5890294787526485,0.5890294787526485
2023-02-18,28.728409499026743,71.30406572935117,0.4903118924876588,0.4903118924876588
2023-02-19,27.479607829578782,81.12573122565405,0.6353605800905199,0.6353605800905199
2023-02-20,29.082760349127703,74.18973954072565,0.5747098609352452,0.5747098609352452
2023-02-21,26.255,100.0,0.725,0.725
2023-02-22,27.13612390204769,96.20699236438679,0.911245363450248,0.911245363450248
2023-02-23,29.14472836536304,48.02341233287445,0.9344977023154489,0.9295320797027675
2023-02-24,27.357717252690552,100.0,0.9956710531743953,0.9956710531743953
2023-02-25,27.951117928048962,100.0,1.1783333333333332,1.1783333333333332
2023-02-26,28.06730815018315,100.0,1.4381758994719607,1.4381758994719607
2023-02-27,27.11416058996599,90.90111597179379,2.005780504890412,1.975620983454719
2023-02-28,27.492278030708643,80.00726514236887,2.6886413083186516,2.6863099591123025
2023-03-01,26.144375414948673,95.72827179259377,1.268255479765029,1.241188846374084
2023-03-02,28.145683541367706,81.53132985163408,0.5506013307352798,0.5506013307352798
2023-03-03,28.86069707693849,73.5290947300511,0.5224275946336362,0.5224275946336362
2023-03-04,28.25311450099962,72.73282992679019,0.6550122500166261,0.6550122500166261
2023-03-05,28.408516511280222,65.7349720953125,1.02137111641878,1.02137111641878
2023-03-06,28.09902039995438,65.04929626675734,1.0922276382983147,1.091185971631648
2023-03-07,28.295810844592896,66.75640371212313,1.7337194952076016,1.705772410726426
2023-03-08,28.796271002890325,68.86773323446918,1.0320657237512834,1.0320657237512834
2023-03-09,28.71975767111429,70.99348403751007,0.9230672989864166,0.9230672989864166
2023-03-10,28.796946213481203,69.44711956803216,0.7825904222670116,0.7825904222670116
2023-03-11,28.724286758492298,69.24139994385737,1.0626289343162971,1.0626289343162971
2023-03-12,26.76463954401832,79.1539921815921,0.5340475381191567,0.5340475381191567
2023-03-13,26.76463954401832,79.1539921815921,0.5340475381191567,0.5340475381191567
2023-03-14,26.76463954401832,79.1539921815921,0.5340475381191567,0.5340475381191567
2023-03-15,26.76463954401832,79.1539921815921,0.5340475381191567,0.5340475381191567
2023-03-16,26.76463954401832,79.1539921815921,0.5340475381191567,0.5340475381191567
2023-03-17,26.76463954401832,79.1539921815921,0.5340475381191567,0.5340475381191567
2023-03-18,26.76463954401832,79.1539921815921,0.5340475381191567,0.5340475381191567
2023-03-19,26.76463954401832,79.1539921815921,0.5340475381191567,0.5340475381191567
2023-03-20,26.76463954401832,79.1539921815921,0.5340475381191567,0.5340475381191567
2023-03-21,26.76463954401832,79.1539921815921,0.5340475381191567,0.5340475381191567
2023-03-22,26.76463954401832,79.1539921815921,0.5340475381191567,0.5340475381191567
2023-03-23,26.76463954401832,79.1539921815921,0.5340475381191567,0.5340475381191567
2023-03-24,26.76463954401832,79.1539921815921,0.5340475381191567,0.5340475381191567
2023-03-25,26.76463954401832,79.1539921815921,0.5340475381191567,0.5340475381191567
2023-03-26,26.76463954401832,79.1539921815921,0.5340475381191567,0.5340475381191567
2023-03-27,26.76463954401832,79.1539921815921,0.5340475381191567,0.5340475381191567
2023-03-28,26.76463954401832,79.1539921815921,0.5340475381191567,0.5340475381191567
2023-03-29,26.76463954401832,79.1539921815921,0.5340475381191567,0.5340475381191567
2023-03-30,26.76463954401832,79.1539921815921,0.5340475381191567,0.5340475381191567
2023-03-31,26.76463954401832,79.1539921815921,0.5340475381191567,0.5340475381191567
2023-04-01,26.76463954401832,79.1539921815921,0.5340475381191567,0.5340475381191567
2023-04-02,26.76463954401832,79.1539921815921,0.5340475381191567,0.5340475381191567
2023-04-03,28.084363299716298,59.440420716751746,20.567815485168428,20.221588943269612
2023-04-04,27.954640983132755,58.53403635318874,26.18561974789916,25.052934173669467
2023-04-05,27.059610598557963,67.12556962026751,28.285298193405552,26.06420649791185
2023-04-06,25.46545908660964,78.75315010504933,27.584513109933283,26.157817617691567
2023-04-07,27.03254855882698,63.29809603775958,30.981318389424732,29.079781797776583
2023-04-08,28.3999404289204,55.98990020635176,29.471112332010886,24.39750383946857
2023-04-09,28.70708089219578,58.35848551769841,16.19944503884666,15.921506952592146
2023-04-10,27.386578364866452,57.159206842730576,33.77620714952648,31.279241696678667
2023-04-11,27.573902086217206,60.29327257315911,56.59292594230675,43.93784858072784
2023-04-12,29.613271535492842,56.624555778584885,70.1517511728038,49.765342466271264
2023-04-13,28.979116616054633,56.501593687885986,62.65033243182331,46.60430011084894
2023-04-14,28.538766363317414,56.33124832136304,61.42052632965412,46.07169759753431
2023-04-15,29.27377110069429,55.791624207280826,76.56017765000738,52.6443607179714
2023-04-16,28.27450878342649,58.74989071093146,48.07129076918124,38.04543031005506
2023-04-17,30.34471181447119,53.1239770539814,65.36605517848164,47.71245717517776
2023-04-18,29.103269988027733,56.081747243281605,61.452730306866336,46.00405197335344
2023-04-19,29.597006146980696,69.69060929306364,53.761663664110735,40.10009808074877
2023-04-20,29.07936359977451,70.51682140830097,64.0434310319386,47.092215623528055
2023-04-21,27.580303747947244,72.32456034445467,47.9727561409179,39.48606496444732
2023-04-22,27.466135994043068,69.85975188824972,45.68071596540253,37.21621985640555
2023-04-23,28.705745242050778,66.55934078991967,45.01425917078091,36.110808905502
2023-04-24,28.191478939032958,64.46346341818173,31.960882134347607,28.823926939783718
2023-04-25,29.768072403772827,60.16548632696335,24.88228963249468,23.755767284425016
2023-04-26,28.96864991595874,59.705277250747976,27.509156866769697,24.005632123539073
2023-04-27,28.21838708592816,60.74399878267293,17.79910843860625,17.78241431806931
2023-04-28,29.08133738860151,57.61745789289137,28.583303032751562,26.68541232732409
2023-04-29,29.470872773541576,60.26039749500227,41.88252427039192,34.11007138966698
2023-04-30,29.73283377368275,59.66760811530652,35.64941643323996,29.838079858476277
2023-05-01,28.484234848911306,55.4492955917613,15.360305268317438,15.191992833625694
2023-05-02,27.947776422978027,81.76610139174944,13.461418007373888,13.43113964602935
2023-05-03,28.344452314384366,72.71561418751737,13.522010941128586,13.363598826282649
2023-05-04,30.250939434038667,64.7460554824738,27.833502792142497,23.168092365151185
2023-05-05,28.533907174114134,72.34081920005048,39.997858318982445,31.87927254284433
2023-05-06,29.761735835175042,72.22079115592317,21.349094383516118,20.732360871929668
2023-05-07,28.86049592379058,71.74219565138,18.61577730997908,17.12340900290489
2023-05-08,30.041778525067738,66.28950835855416,19.382570806100215,18.311457360722066
2023-05-09,28.946666319344672,68.11413346645959,16.762008145283318,16.279278704471604
2023-05-10,28.470306323868343,67.81802280117358,12.821806444264178,12.247094904945598
2023-05-11,29.457389608965016,64.91632306699721,16.59249226526769,16.166417216604156
2023-05-12,30.551818710831423,62.85591205809456,20.342964712256837,19.18103252679524
2023-05-13,31.08070096267352,59.38258734647237,20.681408552121415,19.764949051654558
2023-05-14,29.039939432353766,61.810916697520334,28.325936475017357,26.93998075726017
2023-05-15,29.270716815734918,71.51229619904299,37.90308919852165,30.997144450094975
2023-05-16,28.090462037087754,66.070306560438,16.528822946948157,15.904562808110011
2023-05-17,29.155875311423667,70.59484087875781,20.60182668263297,20.20448805148349
2023-05-18,28.533493755514787,69.1336048575629,13.863867795065177,13.486702762385441
2023-05-19,27.819290172387255,63.480871664526205,18.97643409185346,18.400899336991063
2023-05-20,29.44706605163431,67.07289947639173,17.91375635234331,17.226983065953654
2023-05-21,28.388096598144543,58.97358602074331,16.664011886806005,16.566481047547224
2023-05-22,27.602000617069837,62.95186053461783,21.544258879852098,19.60621653684652
2023-05-23,29.29648314172985,61.57319722985131,22.04268616585964,19.607464140120374
2023-05-24,29.185804801002316,62.369653558541515,23.288203832257544,21.348058186485297
2023-05-25,29.20046492046917,62.356422282026706,24.439179699657643,22.397929535061888
2023-05-26,27.465463112590275,69.0188626908095,17.698794485743015,17.162204700256172
2023-05-27,27.93219427860276,69.52242112408376,15.948320415736916,15.221210228441658
2023-05-28,26.677955682854932,65.66082418057691,14.825750182551651,14.745668288682994
2023-05-29,30.214615757641624,64.93703553993541,15.590020399553866,15.368311716080479
2023-05-30,27.670056906337816,69.84702602366957,11.738492717817245,11.686032835559255
2023-05-31,29.08814165767753,66.083850734725,17.164688968807862,16.288924100713732
2023-06-01,29.321323409610198,62.58518351366749,11.100387755445857,10.777368515698676
2023-06-02,30.312529622869267,58.589732455457685,9.399362359118959,9.39465221419142
2023-06-03,28.67124406162199,58.959981422467244,11.14371401338313,10.986229769685652
2023-06-04,29.71772545721296,63.96257011376146,15.789482370428662,14.755731913724242
2023-06-05,28.34422234309653,59.1694049867309,20.091665261422296,18.174146079836618
2023-06-06,28.705873172104912,67.6973310218195,17.186628769826054,16.02060694442923
2023-06-07,27.80100590721952,71.0399764926871,14.516152454571573,14.153410274366157
2023-06-08,29.171539801605874,64.35826667687557,28.075544587493116,26.577663383729558
2023-06-09,29.69320853768646,63.99314366606579,39.623438613448755,32.87391451516705
2023-06-10,27.897071059781194,63.66887152204966,37.62700350439321,32.307195827048766
2023-06-11,26.811732315352415,76.99491714683174,35.53213088833735,29.691205132727756
2023-06-12,28.757872047111405,68.47195312975991,40.720323966235476,34.24665149031909
2023-06-13,28.450103350679598,69.21746523344432,41.140767269551496,35.49078900238256
2023-06-14,27.92969084772768,66.25823905366195,38.821489332973265,32.60852435492155
2023-06-15,28.655983906269675,70.66930111057694,23.584590835546475,22.2087894505247
2023-06-16,29.481268055675475,66.50631036822125,31.356299603174605,28.1882063402284
2023-06-17,28.362080288953948,72.79756384962819,32.5179332309847,28.454524213531567
2023-06-18,25.585634986259876,76.4995751461632,26.70483365354689,24.795481696952283
2023-06-19,28.890549246028332,67.08246596986463,19.964058347698053,18.762666540975363
2023-06-20,29.797922652642598,62.35001408677209,16.030064972384345,15.982495527939902
2023-06-21,30.583289376426023,62.52900574519516,25.9000040611856,23.587844651967373
2023-06-22,28.917242914367804,58.03720213432783,31.48655613107312,29.267755521748928
2023-06-23,29.600590484512967,70.14786459556039,35.21913859560919,31.54959711448682
2023-06-24,29.769503290296253,75.28207673684709,26.5515143557423,24.339163165266104
2023-06-25,27.61944961635716,71.28753455615791,17.719629988747634,17.61737143575379
2023-06-26,28.969776950310177,71.94053045149461,14.819493651980565,14.627794740777667
2023-06-27,28.06470372455435,78.50741908561051,12.686232163805693,12.379518228231463
2023-06-28,28.000456325010518,72.41595167669352,8.627389854432845,8.488343402518746
2023-06-29,28.62669211006749,67.13334862337499,9.163298041526161,8.98170373713774
2023-06-30,27.46220128149049,71.52118654366858,12.00450248969588,11.67073731696012
2023-07-01,27.16794167908839,76.32242202713125,8.198947332975889,7.715748219997366
2023-07-02,29.0073850853357,70.16100967636088,8.718426081077109,8.587991298468413
2023-07-03,29.751653028735195,64.02021692158142,21.20992736838325,19.59997209353827
2023-07-04,28.878438818254676,63.41229088468706,20.947688776365247,20.184109177859177
2023-07-05,29.979782784030743,63.48359360951735,25.887470217972247,23.777152757654786
2023-07-06,30.464789484309748,59.82411407580751,28.771168179915644,24.575475103834638
2023-07-07,29.90506029488697,64.20545927288516,11.84974503509212,11.78086485481488
2023-07-08,28.572337455354027,74.58219348388307,13.88412215290363,13.411395145433978
2023-07-09,26.589168863619832,75.11780399138401,9.990597997106908,9.785016181047153
2023-07-10,28.899322468192693,72.48835543772903,7.3349883436280505,7.3349883436280505
2023-07-11,28.562438045717908,74.7605535650169,13.33983209505135,11.979914377964517
2023-07-12,29.390500053173753,71.95587355152888,11.395830191050779,11.381985817831406
2023-07-13,29.257437061672054,71.85622766826228,13.45698192738634,13.402613930187458
2023-07-14,28.70189988476525,65.12263899089909,18.158785332314746,17.783861726508785
2023-07-15,28.567903614633142,60.871313126462546,20.738132568868487,18.644376733200886
2023-07-16,30.683405056267514,58.8720490156617,12.167097806093318,11.95945891720443
2023-07-17,28.081752077189275,55.1781986200773,7.875147770972796,7.87271721541724
2023-07-18,29.984565464545437,58.36284863675701,7.292804967805623,7.253616820636641
2023-07-19,27.04764949004161,78.87978866265746,8.595402620478657,8.526004110051252
2023-07-20,29.64013478518585,70.11578140412128,16.7923493903211,15.191062279431547
2023-07-21,28.594175020133886,71.15507728265341,14.890082591054673,13.962431851271582
2023-07-22,27.968019524329623,74.29595485831045,22.546163777694186,20.84404849782155
2023-07-23,29.38658193489867,65.0291541327787,15.980060859089399,15.344644192422733
2023-07-24,31.246909083903763,59.691452376517304,22.585905751068594,18.984785302889325
2023-07-25,30.127461562413515,61.983983900089676,19.52828437763632,19.22555747490942
2023-07-26,28.61372430499028,75.04495849561974,21.69371115226276,20.456823328171353
2023-07-27,29.544401274555216,68.45326805375032,20.474252211568388,18.817065287653524
2023-07-28,29.697029993014326,62.46414120887627,10.777873965678225,10.60137711693873
2023-07-29,29.784347412806458,60.57875535445905,11.063075749489352,10.939817696268065
2023-07-30,28.79721291203425,70.09611961231812,18.68123857593885,18.2374227021317
2023-07-31,27.881645384973933,79.85657076470433,22.572010941128585,21.519910100792455
2023-08-01,26.88077555514619,77.53737846634155,23.214689282903795,20.872124050289013
2023-08-02,28.852126037531733,75.6170790210067,21.925316560239917,21.32719366701483
2023-08-03,29.499478171579472,69.75591154271349,36.20961590832914,27.198817229883407
2023-08-04,28.509615751276204,65.85614962135905,34.31806954619454,30.47328379001173
2023-08-05,29.129848488484324,69.44981726534282,40.995814417721114,34.138981454650825
2023-08-06,28.736548636954353,68.9300025742446,31.296917985106546,24.495456748902658
2023-08-07,28.849885165224453,65.64866689552122,16.827299005760498,16.266187894649384
2023-08-08,29.055245654312127,63.83191999846297,12.734114539650863,12.461650137223225
2023-08-09,28.923095807502946,70.7626611263083,16.70011857962037,15.944412383444956
2023-08-10,28.122967057946273,68.55827772567966,12.788214315777148,11.85249127656146
2023-08-11,29.250819013684293,65.94686277295018,10.813859355764565,10.547096400582491
2023-08-12,29.06027090755265,67.7911518749963,14.800980126870181,13.247241874322787
2023-08-13,28.77070763986343,67.47437320174168,6.447578306802794,6.391818502881226
2023-08-14,25.884357081719315,81.95638101423465,9.307965146811412,9.253769301806743
2023-08-15,26.96676550983211,79.7259377656723,8.124846906365343,8.117537732695874
2023-08-16,27.75143854567348,83.30637078388324,5.295953160115373,5.295255797837129
2023-08-17,28.415021544328223,70.37331899401407,13.46722166520943,12.893598882763117
2023-08-18,29.896128703795316,65.39649038151461,15.311101444597831,13.927857741133538
2023-08-19,29.49118548147957,63.12748432479266,13.251732848913047,13.055001447322311
2023-08-20,29.177129020877913,64.07567701682432,11.66357451100098,11.52398825983385
2023-08-21,29.291176959285412,63.652900956178144,14.385531819196878,13.87088137568614
2023-08-22,28.618125924071972,70.93638871148629,19.272232493605873,18.716131698768166
2023-08-23,29.75098859566018,66.02492064980352,21.734749530153945,21.01467790107496
2023-08-24,29.268171297795874,65.21531813554707,22.102471059045087,20.225005984032034
2023-08-25,29.10782335774773,74.21776352817375,12.466027062534415,12.38984825767914
2023-08-26,28.758927660221975,70.49451215189153,9.442703076128987,9.391982371180342
2023-08-27,28.19857074251499,73.93077089119318,20.869248686368316,18.510177141083535
2023-08-28,30.135639693896398,67.936363074546,16.02076920971425,14.880487167410147
2023-08-29,28.97784369866721,70.37627582054135,21.76768716800939,18.419379212348495
2023-08-30,27.714619617562164,78.89507460010246,23.619863116186647,21.56843951255716
2023-08-31,28.774386041955356,70.07570480569156,15.569684534213115,14.442787942242994
2023-09-01,26.50473080124161,81.24168588872455,9.631438078099874,9.429601919907784
2023-09-02,26.686074281966626,81.56230645176437,9.719718185958497,9.231817544932854
2023-09-03,26.220167358468032,79.79931705258132,8.464609750349693,8.433692383402914
2023-09-04,25.674741152542552,86.46673978324908,11.944759357357762,11.563868399279619
2023-09-05,25.60755793268383,89.95161444874908,12.431221120927004,12.307787848045201
2023-09-06,28.07667945252585,77.99079373918075,9.414402151087748,8.908499373309969
2023-09-07,28.105913429765312,73.1226831681844,29.158724025065624,25.834822564763993
2023-09-08,29.672019896445633,74.11470549424364,37.32056197478992,28.284707857501974
2023-09-09,29.181154255208412,74.4844685446988,12.740893649679146,12.57873211839997
2023-09-10,26.633534529544253,80.73790962374314,7.31023298811601,7.247758350825197
2023-09-11,28.465443924989234,69.08944144447655,13.839908844893891,13.661016454604441
2023-09-12,29.34683147411947,68.14399294749148,46.551191069648205,38.798123140499136
2023-09-13,29.16547313503833,65.46656940642393,44.94874013543136,37.24648172249388
2023-09-14,29.38359861926156,67.09670176753842,48.31097383850687,39.56562768324047
2023-09-15,28.919982166167316,65.6077429430139,34.39685797626383,30.107891425526237
2023-09-16,29.063857990996567,68.91940435028934,30.399551707747346,26.956222324712083
2023-09-17,29.333972798504558,78.25220250446172,28.67801478110659,23.880486715783
2023-09-18,29.292902167857452,77.78308273228951,35.830405746790966,31.337571733568115
2023-09-19,28.61052088711138,82.29478603064598,23.62177389788307,22.07393883165319
2023-09-20,29.291833010362996,79.57853313198113,10.61681319746499,10.607691505002697
2023-09-21,27.495951365723613,87.0943035784325,29.040844835623002,25.81598694177209
2023-09-22,28.326335756269994,83.61274525523925,13.587893059585125,13.333006754780719
2023-09-23,27.379950792346914,88.62854202826263,19.553127438747996,18.920146372027524
2023-09-24,26.755988853689516,91.09640975196378,15.299634001783788,14.60831661689289
2023-09-25,26.620812665803786,92.8269654611642,15.577877625977584,14.871933998526606
2023-09-26,26.041944829568223,93.60829478664476,18.241665414350884,15.5889962995421
2023-09-27,26.936276295153593,88.50952907203968,20.594232169081963,19.23708802611404
2023-09-28,29.009305854771227,81.52120190711067,45.486114928008,37.49804087305645
2023-09-29,29.596126093975556,82.32791568970124,67.98521686024179,48.994710888978084
2023-09-30,31.778396687367675,70.34467536631558,60.4053346371143,45.538635375923505
2023-10-01,31.905836673092413,68.39208244411162,50.59558256278512,39.803172417018374
2023-10-02,29.672098000318275,79.95815950412556,44.00491147639702,35.31947232808088
2023-10-03,29.909814957057026,77.24926298344751,21.499157883492384,19.088236184304233
2023-10-04,28.663078145207553,84.6053381459909,13.167088367833008,13.125237284179208
2023-10-05,29.148575027472447,82.08285071629588,18.00346312887751,17.49527103848203
2023-10-06,28.576999720126842,85.4255025682862,13.709547797969941,13.477828153590451
2023-10-07,27.33939734023359,90.69857251361135,21.54489204298526,20.96976747081433
2023-10-08,28.20848853978065,87.87551555618754,44.59735777405269,36.587550821284616
2023-10-09,28.666652735618662,84.2400738695956,52.631951608941286,41.63502711327715
2023-10-10,27.824510676231824,88.02968131122276,42.077374524960966,35.350549691920406
2023-10-11,27.877501777476525,89.87375347225891,27.932951530786152,24.89887068799706
2023-10-12,27.626228176827283,90.31689234745616,28.866798942306172,25.762075256221568
2023-10-13,28.93277688705207,87.27607597100246,15.21799944336709,14.817391075019751
2023-10-14,30.909994497023007,77.15083429083954,15.923903423747882,15.801187572701581
2023-10-15,27.939301035641133,86.94485507180515,12.646885540214926,12.47620635498876
2023-10-16,28.50349852188694,84.61449089403328,9.692179645986878,9.409845793442743
2023-10-17,28.070206787928893,86.07935291142338,18.475093329230774,17.806872233208708
2023-10-18,28.497130068570083,83.88455129894501,23.693025254973787,21.513861805405924
2023-10-19,27.92577803441222,88.33381833768958,23.138258159992954,20.84977918934487
2023-10-20,28.297733819221907,86.57306375861253,18.055174061149884,17.316574037807214
2023-10-21,28.067764296183885,88.43146261052675,23.343162698549126,20.74325606923073
2023-10-22,27.621727832977175,88.04666388493933,21.91260527787821,19.57092931370723
2023-10-23,28.012539005826778,84.33443441932201,19.901806794936103,17.31120007287158
2023-10-24,29.0093669473624,81.5235364590181,13.741400708327191,13.324810496260907
2023-10-25,27.875668855651128,88.13904274092071,23.858758588905648,22.285004503938325
2023-10-26,27.73860029104594,89.68156498571888,18.965420527185234,17.78908124147095
2023-10-27,29.446947158548173,80.82241602642883,20.081843862352336,18.059178201326755
2023-10-28,28.170921183512203,87.31423210017573,13.684261135568635,13.446259268155003
2023-10-29,28.273833846289126,87.07532984015809,17.630272228948076,16.7663352699837
2023-10-30,28.312498513607093,88.22332648377939,9.011921457572004,8.499348246469383
2023-10-31,28.880432978627297,88.15892989945837,16.228094428199995,16.069932499420503
2023-11-01,26.725053899693687,94.64910702354548,11.192418929110106,10.946200441715147
2023-11-02,27.375728596826857,91.9512152899376,8.438912847086096,8.421624166908142
2023-11-03,29.692054039853794,83.0618274278665,14.900169907706672,14.35434095112404
2023-11-04,28.55835849081299,86.90448716570995,24.51648957659987,22.31022446371711
2023-11-05,27.60761553561852,91.57241361149725,23.686132513808918,21.556307455254426
2023-11-06,29.415780081542188,85.3110073412034,13.59774954191704,13.026521288061668
2023-11-07,28.520687813989316,87.79096308015237,14.534903873544202,13.846463134000523
2023-11-08,27.767926125269483,91.71485031115986,31.398067135484624,27.362672742241255
2023-11-09,28.531402455531495,87.92651605608526,29.33686537114846,26.281170208468
2023-11-10,28.019422600184168,88.21705791649521,28.20909987147836,26.32330503909517
2023-11-11,27.229858800212686,92.90310918201413,26.900568586448447,22.677493223791828
2023-11-12,27.66604868030407,90.2733622187975,9.720349078172482,9.713025315334013
2023-11-13,28.235342725731844,90.01534575805935,18.045356418429442,16.292435249962054
2023-11-14,28.146221107679438,90.18233729916719,12.573918934968598,12.140523807849956
2023-11-15,27.614937574440507,92.25896260146092,9.954713536055447,9.773287904905551
2023-11-16,25.85608259794185,98.78593043381998,5.47617850559027,5.47617850559027
2023-11-17,27.781877574024957,93.10262458585389,9.518347470815067,9.288616689613699
2023-11-18,26.34954383351531,93.77253544307946,3.1641999178255737,3.163187772076586
2023-11-19,27.024558085720138,91.29684654526754,11.332875071920437,11.33211749616286
2023-11-20,27.641781875048387,89.90278527663983,22.295504748071057,21.821456944846904
2023-11-21,26.91719529702982,93.09482495430605,16.811006069094308,16.594847105508872
2023-11-22,25.88680873634898,96.40135238101294,22.41890675092517,21.645402455696818
2023-11-23,26.675169453048593,94.13408269007454,16.376188960644146,16.229520777701456
2023-11-24,27.735718183317626,91.28104042620329,15.343865304742586,15.333448638075922
2023-11-25,25.83929849959363,96.77820170035689,13.035319127651062,13.009568827531012
2023-11-26,25.83929849959363,96.77820170035689,13.035319127651062,13.009568827531012
2023-11-27,26.76067308128636,89.48783934702789,2.5791068481287978,2.5499401814621314
2023-11-28,26.85394500385669,92.06999006383194,5.40072374463066,5.40072374463066
2023-11-29,26.337193979690138,95.09437767159363,7.214724650453402,7.200609629444998
2023-11-30,27.26706260850365,89.76738938785662,5.639066949275532,5.607679657516723
2023-12-01,28.037728747922614,90.51162302676302,8.74551926666066,8.74551926666066
2023-12-02,26.259097308566584,94.3321486026414,9.65199440660548,9.644841460681347
2023-12-03,27.988398451855375,89.09355120207157,3.994339139345854,3.9848675541015863
2023-12-04,29.373412740072528,85.12194313168486,3.586262604842929,3.586262604842929
2023-12-05,28.739473818058585,87.5334575061974,8.643492925020217,8.412053265823205
2023-12-06,29.664915111932032,82.14219433814833,12.191672375614516,11.981370019377904
2023-12-07,26.78836155368627,93.32799830698582,12.772447149149514,12.76096839097958
2023-12-08,28.879413650954213,83.36162922291334,9.19845471837728,9.173454718377279
2023-12-09,29.412536199768283,81.1585736980709,12.811877358517824,12.47042646191987
2023-12-10,28.614485129377865,86.46343121402673,22.75816074999462,21.627102486293662
2023-12-11,28.307445678880583,89.42433070814674,39.827937650807584,33.387798621247235
2023-12-12,29.08030225634991,80.84446614086069,25.06561535631202,24.3476134592255
2023-12-13,27.171648657680663,92.41624685036413,29.459180477746656,26.60153537910891
2023-12-14,27.92473567371702,89.80874243427283,16.90188006612429,16.793866269747323
2023-12-15,27.086405051942908,94.34987307476129,17.42425685993461,17.31983596114031
2023-12-16,28.8782162672744,83.58877275258479,12.209417475385303,12.20871422798465
2023-12-17,28.963251636807883,84.13760908127242,12.0811634540822,12.078732898526644
2023-12-18,29.04907615642883,83.7601955429176,7.8911076244201865,7.882354123019627
2023-12-19,28.039802475068978,88.93216148999504,11.56711047032894,11.562561567434448
2023-12-20,26.980908534916576,94.81661346113967,18.22022590874322,17.75506943330901
2023-12-21,27.743221700289865,89.94525032653794,15.223302023753302,15.108728826053166
2023-12-22,27.84155278715356,86.44290625076724,11.164964629919766,11.047402188276441
2023-12-23,26.995661135913736,89.39006898414327,13.262799259932857,13.245049780197462
2023-12-24,26.484008629354907,93.94671184991351,11.718802316848803,11.718802316848803
2023-12-25,26.520708528891106,92.63048151348721,8.27653938241239,8.264733826856833
2023-12-26,26.96987221089895,89.50461417952842,18.82519955926293,18.35743149440987
2023-12-27,27.822790198833058,85.36688965826458,20.511241837927408,20.464123130963237
2023-12-28,28.085370326418168,86.90890180830661,16.61825200781457,16.50321731184144
2023-12-29,27.959422988693092,90.15079087090665,11.833825823354113,11.818995314879537
2023-12-30,28.496283623108877,86.88977032787814,13.530878075734135,13.526676395061864
2023-12-31,28.52750406656901,85.21130515182402,9.295492268869014,9.289927810179554
2024-01-01,28.684568367432586,82.94175268958983,16.955761178511676,15.306224421718563
2024-01-02,28.67857801053891,83.66603184713647,10.652484440292755,10.641550678431342
2024-01-03,28.53880747349685,84.20235870742549,13.623590037021616,13.389921152801262
2024-01-04,29.05013061489436,82.24356945583433,14.905147141248214,14.886652414297606
2024-01-05,28.46478351821314,80.56821052049472,14.27775878713067,14.276364062574181
2024-01-06,28.507322305200187,82.97493066908653,23.28855124314683,22.70192659328689
2024-01-07,27.83469941823835,88.77559312837968,17.267947178871548,17.15671268507403
2024-01-08,28.220012700353493,87.62534844391622,12.587064913065037,12.584266710450658
2024-01-09,28.26283834779728,87.17344708271055,13.265170955387804,13.144681926442894
2024-01-10,28.70217994609531,84.87951056294776,14.110592035959684,14.075936923914865
2024-01-11,28.698021736443874,83.787112417303,21.176511685182547,20.66056686092516
2024-01-12,28.211233865403695,83.56689083833125,30.640774056797863,28.506672986991408
2024-01-13,28.299040403838447,80.35087920671317,30.34348932876787,28.56065731757718
2024-01-14,27.81715873776606,81.44470820231837,38.97705179384516,34.53527281784074
2024-01-15,28.67487227487749,80.07177792128907,39.17366214847521,33.857224605944076
2024-01-16,28.34212995115303,85.06130077046699,34.25803294608442,30.689064332998157
2024-01-17,28.692624935127878,80.70505456227228,33.4466481571261,30.117298115827527
2024-01-18,28.654056914851157,81.09370252007643,26.179342148818094,25.266122292209655
2024-01-19,28.677092619647738,81.98729971628607,21.441520544187544,21.278068739447104
2024-01-20,28.477874348379576,82.0076809962599,36.36700701467027,32.35904108112171
2024-01-21,28.16551115951573,84.0797181341609,44.05968147145864,36.87780890894675
2024-01-22,27.209809230091693,88.60863970720065,26.967708382365455,24.250972935470486
2024-01-23,27.43985323753711,84.57162724844598,13.391999427830019,13.079222283073811
2024-01-24,27.68250710065941,87.63366367000238,14.284414518332207,14.280930624774784
2024-01-25,26.893050016807816,91.72830059260012,9.883101692074773,9.883101692074773
2024-01-26,27.958737180528743,85.4250643667374,11.815735747495678,11.815735747495678
2024-01-27,27.944452159568346,83.41536923582231,15.619417766744538,15.616975539853781
2024-01-28,27.99618156063345,82.24689618881334,13.053057917615314,13.051321806504204
2024-01-29,27.886343348074387,82.87858538915681,16.860545200986376,16.85600460269578
2024-01-30,28.172247871186343,82.03938875158845,17.432791214776508,17.327767079053842
2024-01-31,28.04802972684564,83.5847174798754,23.513724600009496,22.774460843659497
2024-02-01,27.91084865440421,84.50732815290662,31.5189556331007,29.46227933263701
2024-02-02,27.881835849117376,85.07300576800019,32.658406333705436,28.765170997234183
2024-02-03,28.391708428284034,82.994026884241,24.990222844896323,23.88808323072094
2024-02-04,28.580422687020995,83.08111492922849,34.83386044932967,31.42004527600552
2024-02-05,28.479264730737167,82.91067354126068,47.99527146077835,38.48261826562152
2024-02-06,28.440539265129924,83.93879058678843,33.042675097164754,29.110059501491452
2024-02-07,28.94356586082373,81.24870150100838,36.750352464432105,32.60769625646869
2024-02-08,29.03405925535722,81.24953509676875,33.03853063951207,29.241232899794714
2024-02-09,28.962941320944555,81.0443290146741,42.432733100302265,36.32678663490603
2024-02-10,26.864735870569586,84.90714588472656,33.15416666666667,31.209722222222222
2024-02-11,26.864735870569586,84.90714588472656,33.15416666666667,31.209722222222222
2024-02-12,26.864735870569586,84.90714588472656,33.15416666666667,31.209722222222222
2024-02-13,26.864735870569586,84.90714588472656,33.15416666666667,31.209722222222222
2024-02-14,30.8204950685463,75.53699751343866,66.86522130038456,48.974880714997866
2024-02-15,30.294803526549522,75.1937908852335,57.63171337167234,43.582256288334214
2024-02-16,29.330304754097675,78.70147767384806,42.41939990269675,35.26769727580014
2024-02-17,28.85967821468826,77.97500554381169,34.68272068885025,29.48542300540906
2024-02-18,28.598567596480486,81.50660849211542,38.06152239385258,32.693661123917096
2024-02-19,29.39367221359413,81.28769721465288,35.24898700376132,30.269066847253875
2024-02-20,29.39367221359413,81.28769721465288,35.24898700376132,30.269066847253875
2024-02-21,29.39367221359413,81.28769721465288,35.24898700376132,30.269066847253875
2024-02-22,27.96309731546207,84.75222778219916,5.449541284403669,5.449541284403669
2024-02-23,28.69934472201015,80.89459282654364,12.221832500366853,11.91193633036039
2024-02-24,29.33632293900212,77.72140293391364,5.698952695484974,5.698952695484974
2024-02-25,29.368170482374932,78.59826835682917,14.645739856133673,14.514673679663085
2024-02-26,29.407599263901616,78.8499957954471,23.02725565533392,22.56405843934508
2024-02-27,29.383653576065868,78.44093490351989,14.547610743015156,14.528767372333549
2024-02-28,29.662630626367047,76.92278960340668,19.284126313316865,19.08190786183371
2024-02-29,29.410241833157215,75.17319097102506,20.143086613176344,19.765783255392552
2024-03-01,29.49231232601771,80.35742137066457,26.5691967747551,24.963364865720298
2024-03-02,29.37732116634839,81.3598198876824,23.26032946620505,22.867046423201447
2024-03-03,29.75221750306807,78.6965881157116,17.880186910524024,17.76489644061304
2024-03-04,29.515190011044552,79.7386992745484,23.73227686319349,23.28379631024509
2024-03-05,29.63368088639058,81.6473384346995,33.37740151005903,31.038203461923462
2024-03-06,29.841289886995256,80.16536913736864,39.18198922872494,33.93492467066656
2024-03-07,29.949153679061578,79.18468535002468,35.28379749186961,31.570746898699785
2024-03-08,29.16874621256076,79.94846833597863,36.54509353882796,31.6262712853503
2024-03-09,28.193859194185105,85.81469384346873,24.822420134751923,21.048758471948307
2024-03-10,29.450808383524187,78.29287481135431,35.57620867809677,31.92943210838587
2024-03-11,29.496141622753825,74.54085813104258,33.74589114667812,31.408377759013117
2024-03-12,29.028477378851516,78.28682341610907,36.57702291703766,32.170758069136845
2024-03-13,29.37592235935267,76.9813800168276,32.960517806825756,28.859274881906984
2024-03-14,29.901628667937626,77.37925788290923,24.71031172863177,22.360196520481292
2024-03-15,30.096607605651077,76.7472626296024,26.89916603339148,25.73632135745795
2024-03-16,29.779004238056327,74.99561813341042,15.727190812584631,15.51267686434997
2024-03-17,29.920191373685608,77.14155462757118,27.97103019264348,26.642572503795083
2024-03-18,29.589737173704695,76.82749114050272,23.195890008545792,22.20307925430059
2024-03-19,29.37879285255227,76.21621795743454,21.46584663490197,20.06371042296391
2024-03-20,29.58283076321376,73.6750492025392,21.337416620458118,20.988803630064222
2024-03-21,29.81528325413672,74.25922838927598,22.811057749370935,22.431152821298014
2024-03-22,29.40223727373308,77.52253487796365,27.30109358398532,26.097174419797394
2024-03-23,30.26049304648326,77.03878709242429,28.110498920729004,27.212682416537877
2024-03-24,30.472075132475453,76.51942745571927,23.993425975887963,23.384890224016598
2024-03-25,29.96290321194802,75.60957712508869,15.270918549043548,15.246758885178004
2024-03-26,29.60433713312214,79.45060223759617,22.936443511941746,21.230477937306095
2024-03-27,30.4610686218717,77.71612950120428,11.418323888742208,11.418323888742208
2024-03-28,30.566365811568886,79.61636202938458,19.9407184763768,19.841062076460513
2024-03-29,30.88126304951496,78.1690323588778,12.564814268275759,12.564814268275759
2024-03-30,30.441388449573093,79.92062934120399,17.445951199384705,17.253039154211017
2024-03-31,30.290002090083572,80.51055515644502,26.369024312115354,24.639131134073512
2024-04-01,30.78192464286639,77.87545003542617,28.34257722224748,24.975282408523313
2024-04-02,31.104297859670712,74.89556708312391,28.362570238511168,24.317362133177188
2024-04-03,31.13453987164584,77.29697446701499,18.955323948534943,18.60007837572955
2024-04-04,31.24031586233167,76.47500582072534,25.06116878176013,24.03675442308605
2024-04-05,31.04929494963547,74.40349587074301,32.192289890147094,29.629616561743106
2024-04-06,30.671653473670954,73.25662543404856,35.18613769116947,31.94005257071683
2024-04-07,30.322745507582198,72.75929195808345,21.417071508815027,20.70323504202492
2024-04-08,30.643694079597868,77.81628253892082,22.14785850527376,20.417134141430004
2024-04-09,30.86877950280217,78.63578565067682,18.41764293562165,16.193757185464715
2024-04-10,30.359683079161368,82.84973043019643,13.558012349271008,13.384812139156542
2024-04-11,30.81919247255725,73.1031347441446,21.097057369050763,20.750803818195394
2024-04-12,31.062315605368124,76.00412098341604,22.06754995493779,21.777610645880838
2024-04-13,30.90395830201219,76.08539277612697,32.073945117722914,29.620258363070306
2024-04-14,30.72372542834414,77.16940813389299,37.06374897615862,33.23050491256187
2024-04-15,31.125912673614366,76.73628865738752,21.838846493435852,21.39701296497159
2024-04-16,30.797783106503474,76.6033246854891,16.810264100894795,16.397054771864287
2024-04-17,31.019800797454433,75.95561479863318,12.734384396413931,12.665278420690312
2024-04-18,31.372792506893926,74.14510483250987,22.804010893068135,21.444526397515528
2024-04-19,30.621590999964127,76.09444506599793,36.8312267562164,31.469221246758686
2024-04-20,30.661933457814513,79.05114522742565,30.116289937675777,28.675862562901447
2024-04-21,30.953117035576085,79.37724903231523,31.836010211194036,29.168190054770935
2024-04-22,31.476587516991554,78.6252385055564,40.766583864097576,34.67517618212721
2024-04-23,32.16153689806889,75.13292152683583,37.42214001615422,32.18251980170599
2024-04-24,31.62003271447063,75.83545531181532,39.155522720644065,34.483577978995115
2024-04-25,31.33573506145983,80.01526093969785,40.88108736192408,33.8145719594143
2024-04-26,30.314411487821534,83.03923338646673,39.36021271409668,34.324184489189115
2024-04-27,31.974048682743945,74.02565310737444,28.068995193146165,22.51137080619209
2024-04-28,30.061208946467875,84.02210203373936,29.612833361808722,26.649047352915606
2024-04-29,30.978316596891545,81.47179551878565,26.97087049234841,25.06015950851885
2024-04-30,32.113231225185125,76.46551831937965,30.694395379515928,27.45590077861168
2024-05-01,32.253760197273074,74.89648464473287,22.73778814782904,22.486164166276733
2024-05-02,31.347497450082106,77.3126125177504,25.92342978439844,24.614873931083114
2024-05-03,31.33776947593608,80.24536469698526,27.01283820749798,25.620981751022878
2024-05-04,30.02011124203481,82.87140010746647,30.061483651459778,28.371806359192885
2024-05-05,29.1724902055378,85.10122670118389,24.471831084128567,22.733951963553782
2024-05-06,30.46632395771764,80.1965814936871,42.25255606330087,35.437457785655674
2024-05-07,30.40389264912736,82.71713138232103,30.08541726318525,27.856085828832676
2024-05-08,31.238851944538066,76.9534081131663,22.324767479967505,19.626938546134085
2024-05-09,31.53540063867307,77.32294603451483,14.892423386874322,14.597520545794389
2024-05-10,30.46006668162403,81.56470328292936,20.76910981654082,18.032448015116575
2024-05-11,30.11909703859662,83.21900630805482,22.983284447887513,21.28538752890697
2024-05-12,31.067533989344096,78.2097598210927,21.52184606670599,19.696342770043973
2024-05-13,30.25211162257008,81.80153553421947,33.829906315454025,31.15411340565552
2024-05-14,31.116863651460875,80.12097238845601,17.34907276052633,17.00379393385182
2024-05-15,31.879056771894742,76.39602088339139,16.4261912192807,15.849558468722849
2024-05-16,29.52128497821686,86.19319004376878,14.758827143674306,14.328405135127296
2024-05-17,28.66843938291056,88.28618771038579,29.078543731341586,26.740411740713956
2024-05-18,31.0383130253404,79.88133613770704,41.874756646271415,35.71720328272095
2024-05-19,30.65489158315601,80.49788949277954,46.302049983038266,38.427633864280175
2024-05-20,30.66236094696933,80.54820917274945,40.285315633025625,35.00978890125513
2024-05-21,29.95117176760006,82.27768218296215,22.085679266636394,20.996190307029664
2024-05-22,29.463338142282968,84.93109908569029,23.850024776859897,21.786045929671303
2024-05-23,29.74674510406682,80.59556974605371,18.640610100166654,17.393795570498238
2024-05-24,31.428573802388485,75.28577460865633,15.233312045634642,14.87498367654105
2024-05-25,31.40451210322111,74.92047254204779,18.885322229643574,18.694918507561393
2024-05-26,31.720556897983553,73.01774434502896,20.323121289113935,18.774953688740453
2024-05-27,31.791948443973112,74.8131478207484,24.400842129864113,22.683284940698474
2024-05-28,31.023558583870653,77.41562424878099,26.742924256838762,24.993371519801602
2024-05-29,30.570120671909283,83.83606427245785,44.147204514864036,36.96923670380799
2024-05-30,30.684964864316914,83.53661992776046,39.275838169542766,33.21234956824973
2024-05-31,28.24927044243997,91.92043500434733,41.37970794650314,34.33938147493333
2024-06-01,28.8106519132908,87.43940847850956,34.04950618892381,30.033872102966992
2024-06-02,28.07909697702641,90.05879196066296,22.84416828915811,21.74342049480883
2024-06-03,30.595833466604365,80.34042894643528,18.2420107780422,18.02997377979325
2024-06-04,31.338454928948106,77.9266349499568,28.36076915011985,23.565053413984746
2024-06-05,31.714816203730194,73.05954340607163,16.852210869680338,15.893483628783978
2024-06-06,31.424595592177482,72.26032373275994,13.428815099003437,13.420058185220974
2024-06-07,29.91695476365666,80.56684502900508,15.375291263470475,14.77339437223535
2024-06-08,30.932236169019543,76.97520793085174,12.67759638715392,12.52210774395653
2024-06-09,30.892311403256784,72.57451600202056,11.131376887094111,11.10529960789183
2024-06-10,30.645879021621813,72.47567551976248,13.089114606611203,13.036190937143415
2024-06-11,31.70608139021661,68.32400571006669,16.812310692190128,16.294886797344834
2024-06-12,31.35004452413071,69.19073131669752,17.414242860533946,17.18935047551268
2024-06-13,31.396708056304195,69.00070113689289,14.080279402431694,13.991244621852799
2024-06-14,31.57284356120921,70.70480234395556,11.34560719297135,11.332586532729854
2024-06-15,31.201340217143283,74.14732564889785,12.001842435148767,12.000088767580044
2024-06-16,28.58123336838753,85.25256422407801,12.662367899468128,12.632071682400976
2024-06-17,28.40608555429651,81.98468582990947,7.462741156913446,7.340766109832466
2024-06-18,29.187763393109652,79.84615678816623,7.229146887278741,7.229146887278741
2024-06-19,29.100861584092524,80.56349798572893,10.462645743070468,10.164664884060198
2024-06-20,29.886112174779772,75.6044301814073,8.956840231679392,8.500760900229297
2024-06-21,28.12650374681112,82.33965149868747,10.291103549372743,9.381479074582826
2024-06-22,27.832310757004777,84.07726501297935,9.057533588137256,9.006615657405641
2024-06-23,28.065599324839862,77.98078004497893,10.138494866893726,10.087030114326033
2024-06-24,28.643123661566914,81.2034701712142,26.629828817120067,24.843189528636312
2024-06-25,29.007910421677806,80.646265510042,25.187761876834955,23.417145374946642
2024-06-26,30.071095058802534,80.21725311110018,50.703851912437024,39.637875768564136
2024-06-27,30.81570120168591,74.63067404226416,30.576446140999536,26.543121749811974
2024-06-28,28.312604588290203,84.95056977519909,22.497772445027554,21.864582481188915
2024-06-29,28.647296945419267,86.36860925629598,25.41775852831165,22.59031205078823
2024-06-30,29.10614542283459,83.89123172501279,19.706868135672348,19.23707063333808
2024-07-01,29.36950940760607,80.05913595970256,15.550372889268703,15.424911871528273
2024-07-02,29.922895481745595,76.47162428604177,13.831658449857088,13.823924693961565
2024-07-03,30.38500882442787,75.41314657304986,25.022392246739813,22.005620570012898
2024-07-04,29.438517821991315,78.5034957853677,17.262026550081135,17.124576993987514
2024-07-05,27.802417261753472,83.31649966635707,16.112251233565765,15.193045208225017
2024-07-06,28.576663263565425,82.2032928457633,17.49978169942791,15.708374122707523
2024-07-07,29.059078336069103,81.55653527845695,10.271751862887514,10.193279640665292
2024-07-08,29.64665889458926,78.64762628375799,12.637225993220506,12.244118307994611
2024-07-09,28.94361131779874,82.2422989153819,14.52436470997816,14.203034733032167
2024-07-10,28.410570564008427,85.67709660280872,16.33289361726796,15.382770175525627
2024-07-11,28.741353274875156,83.52834740662823,25.133011113687832,22.446198683913664
2024-07-12,27.83613534095025,87.27805269014762,17.33523059991779,16.9162181343637
2024-07-13,29.49224294485523,81.4624315500033,29.57669448030552,27.071127304137647
2024-07-14,29.34510913595923,79.38848535578445,27.555914052206422,22.696672599214974
2024-07-15,29.913035209000594,76.55105808679552,13.084496157944564,12.786975344063455
2024-07-16,29.859959505830428,81.82127233639609,49.17284203428583,39.145754326103905
2024-07-17,27.339406696088226,89.98863575253644,30.500033866654007,25.72367701991705
2024-07-18,30.393539151470105,79.28888794104513,36.77196791117559,32.93416167273293
2024-07-19,30.2093059219179,80.60510099245751,35.343092330913244,31.429857858506292
2024-07-20,30.5215299581676,79.05392141548586,48.62828967442844,39.52338214824127
2024-07-21,29.743028435986506,81.32218331281526,46.81999262438569,38.053974040181046
2024-07-22,31.000833952479326,79.76082294505036,55.53174415833891,43.1433443467896
2024-07-23,30.740492171504687,78.59359986560148,50.469103869994626,40.156966879696334
2024-07-24,31.978313581814742,70.95521273271385,44.43641346070154,36.15739450414021
2024-07-25,31.38155619726957,74.19867715190313,45.669627046820466,37.46086315506804
2024-07-26,31.2342927486298,76.19203333133217,49.66666028711887,40.31700086623884
2024-07-27,30.721456257419664,76.9229570215344,45.809844471976824,38.36029441691206
2024-07-28,28.99092817593335,84.38027490986148,46.69462518655876,35.93300231580391
2024-07-29,27.305978789680363,87.53076231908852,18.015404705450194,17.86392883823093
2024-07-30,29.105261661990085,82.3952266147787,26.584036342336443,25.84056813077252
2024-07-31,29.299019115227935,82.69425330416829,39.23713156596463,34.24525295748366
2024-08-01,29.22889466123779,82.18558062251985,40.79855522233388,34.43377828275635
2024-08-02,29.49463116714345,80.84682205989006,39.00109680117158,34.06994206508476
2024-08-03,28.52273186102217,85.3377965413075,38.08586030167536,32.78672559980823
2024-08-04,28.14617729171891,82.30247442827216,19.41631414770747,18.407411836783098
2024-08-05,28.447310296036132,82.16673771085767,11.718807136790687,11.708346702617016
2024-08-06,29.22201305007653,79.96266322762646,13.9649735716852,13.72555881965517
2024-08-07,28.23544265956154,84.02951360630462,9.440161634714322,9.364566097354079
2024-08-08,29.652067633122073,79.8443212234785,17.805919196075127,16.969404497726
2024-08-09,29.32757867317652,82.12969046101716,34.63397009064382,31.43353083682408
2024-08-10,29.5915822757222,79.23984272608423,18.339240946676707,17.519011507036105
2024-08-11,30.15478376202255,78.36554364689474,18.202090170777858,16.73896400186904
2024-08-12,29.81965659785563,76.58257480117568,10.76501488110163,10.257049186212976
2024-08-13,30.62811979929941,74.3998097966596,11.402634614978831,11.38557695858294
2024-08-14,28.779826780089923,84.91898114116373,18.6339218950292,18.20189036066404
2024-08-15,29.07842291405783,83.80450531949064,20.11063086432603,19.65785279615975
2024-08-16,29.122791061061506,84.83899196031851,26.9332654711892,23.582399455327547
2024-08-17,28.79691943193109,84.70458270721116,24.51433905827288,22.955475999250925
2024-08-18,28.136563762178113,88.60857461386428,18.9611424449967,17.826685300557006
2024-08-19,28.24147726960746,86.58824112820783,11.319084741223014,11.174631393644665
2024-08-20,28.209440309312328,82.16409860843832,9.51650134168587,9.394903535896889
2024-08-21,29.7867526793324,73.25914929247382,6.931279848333086,6.926728027604795
2024-08-22,29.128107913177924,82.72689229168226,10.54954861431427,10.427526213399881
2024-08-23,26.71136212549149,91.77757559177901,12.002612322047755,11.766073388124887
2024-08-24,28.265835468962674,83.83974758977702,11.103327958075687,10.792506664876633
2024-08-25,26.997653246017492,88.15422708765793,8.77219827024601,8.739465219398552
2024-08-26,27.946463201302638,85.18615523208997,8.731147929863099,8.29936920166619
2024-08-27,27.191981579041023,88.60669239443206,8.09517121670634,8.078851772261897
2024-08-28,27.351785605352067,85.65757027135551,4.765711359538814,4.7613462801737345
2024-08-29,28.51436771821811,83.53865310654159,9.337107512677678,9.329448050587757
2024-08-30,29.871869771440558,80.34446293130735,20.929454511414882,20.343195428975587
2024-08-31,29.547972270444433,79.4707577080904,24.759969587574275,23.831686863503915
2024-09-01,30.01045670258876,77.31386914600267,20.38830061290278,18.636007495019467
2024-09-02,28.80121889189634,84.20366655306913,22.968641260197625,21.053216989663685
2024-09-03,29.228571403102023,78.05263823648593,9.032493164835872,8.979488350693886
2024-09-04,30.035338012118018,75.67130871456726,8.66239437388529,8.5985054849964
2024-09-05,29.923007072260535,76.93855260727607,4.617464072398646,4.617116850176424
2024-09-06,29.493329771343607,82.56181457931076,11.203330863872702,11.175377521518811
2024-09-07,27.111546849878454,87.4232998014661,12.065040743111135,11.496772086778543
2024-09-08,26.80465411299644,89.41862389306799,16.1355889446686,15.94230569916701
2024-09-09,27.900528011312478,82.03060388669542,12.952647436455386,12.465104311860918
2024-09-10,29.693941334306132,74.76792823370629,8.934373577032138,8.620709361345863
2024-09-11,30.32779084552533,76.33659137407714,18.779476181498243,16.075764696904404
2024-09-12,29.04067278884106,80.83138801191502,13.550021614288191,13.320778441030185
2024-09-13,27.751910020906873,84.06486405462563,8.422047891717865,8.343584420460898
2024-09-14,27.131859877800238,89.17409710848072,13.170403940077385,12.812250328150137
2024-09-15,26.626204539635065,91.85100075442698,9.324677371914733,9.092756777590045
2024-09-16,26.527057222084903,91.45190103709508,5.280473580994173,5.201465058129719
2024-09-17,26.849922928212337,88.62218661211047,4.27159205329009,4.269022216504152
2024-09-18,26.37783398992103,89.08171058370685,4.1028534930921525,4.1028534930921525
2024-09-19,26.791893806797205,89.15360062348974,3.675906534417414,3.675906534417414
2024-09-20,27.066272042820064,87.74218920486909,5.882527663752739,5.880791552641628
2024-09-21,27.586113047578085,87.38962531019963,15.937390987649586,14.971472707944542
2024-09-22,28.11460791016698,86.67149431646682,12.917040914311714,12.816687806967082
2024-09-23,28.08020393396585,86.49848883137481,9.0706900190952,9.070336911750566
2024-09-24,26.8371775671196,90.73110867829035,10.722920322518403,10.722225878073958
2024-09-25,28.075461734770887,86.40971591066915,21.856361520596938,20.59568432599028
2024-09-26,28.20190334571232,84.89378463596644,16.34818805944803,15.645105509428165
2024-09-27,29.28720265093612,79.69020548331305,7.770660709503772,7.756889523063093
2024-09-28,29.00433378652032,85.01070794672593,15.911494401106815,15.369603160147152
2024-09-29,29.437206813008512,81.80145938457797,19.873996054672777,18.769746917671892
2024-09-30,28.845409384807237,83.82372680341932,18.00032032344051,17.241207829572907
2024-10-01,29.19092270398787,80.96303419639897,8.966372413486166,8.835827935808089
2024-10-02,29.119424692080056,83.54759876073882,12.191158469245623,11.092731161259492
2024-10-03,27.95163689707638,88.66051907735522,8.083311002952565,7.466265548407111
2024-10-04,28.873085530363287,82.85588221358961,13.738060756257207,13.480523249729174
2024-10-05,26.522828471095725,94.82651573741117,12.498791293371616,12.152534676318014
2024-10-06,26.94912904192043,91.09132242020597,11.056478431470818,10.78192344818718
2024-10-07,29.03645492442182,83.48889194153455,9.953079932338094,9.437501991760152
2024-10-08,27.724962321031317,86.72682303278567,12.77870548839172,12.57325497485297
2024-10-09,27.156109228065308,89.86917073171757,16.61680348544976,16.095384211525502
2024-10-10,27.800406081735137,88.07251057922998,18.006039252047966,17.818917803691587
2024-10-11,28.151814661492192,89.42522368533854,20.80188356062764,19.489595647581066
2024-10-12,28.030257201585503,88.22423564940595,11.766231779601416,11.075929010570578
2024-10-13,28.59991574901244,85.59207724673095,12.04469210229845,11.385829668436015
2024-10-14,28.50310035284376,86.8453606814691,18.07549903580873,16.861559098143097
2024-10-15,27.81135604270891,89.49184931735125,22.167147768132313,19.612673542001186
2024-10-16,28.780804430754127,84.03744106623225,9.173921389764518,9.140411175333918
2024-10-17,28.250532368633458,86.36696778519763,12.944223618275865,12.689674565748872
2024-10-18,27.951976787869764,84.71936761319216,8.490380038237122,8.450153778728838
2024-10-19,28.366391186978902,82.9304496507575,20.258128560681808,17.96289912003549
2024-10-20,28.76334259267576,81.97043575259319,11.392816108045421,11.135852920227919
2024-10-21,30.29649695290867,73.4692335791889,16.57016135405343,16.467139562438042
2024-10-22,30.11899341213726,69.15631208217722,16.383774615914295,16.22635704617743
2024-10-23,29.016960159485738,76.23417438492963,14.211450314220558,14.196810943515011
2024-10-24,27.994412967929193,86.65416523865592,18.663980206539588,18.40491503031356
2024-10-25,27.89193128521744,83.8235174435688,16.656957609992485,15.579026838383916
2024-10-26,27.997300229778542,83.19161145154416,16.467911760197588,14.773589243417446
2024-10-27,27.14651889950665,89.84442909103869,11.248946575769232,11.059995769458007
2024-10-28,28.39762133046712,86.16557205278592,16.58672544129922,16.284004081315274
2024-10-29,28.766770477147816,84.18754927535836,22.459831171169032,21.947206656637736
2024-10-30,29.889860233481794,78.81364682749941,26.599653486461737,22.369827973882312
2024-10-31,29.38482062859119,79.06244654656417,19.243261561588,18.91227946154856
2024-11-01,30.124262871710425,75.30675326119757,11.574560727192553,11.566519791520037
2024-11-02,28.64985171520117,82.70015764355568,12.980695357357083,12.94485448254562
2024-11-03,28.09805360789794,85.9358906047447,21.406558977169023,20.590041908766985
2024-11-04,27.262304546790592,89.88643079501132,20.24876492028444,19.62551773168399
2024-11-05,26.97770217070032,91.12805059473959,8.465829245921297,7.902154361483701
2024-11-06,26.636917509005507,92.5764068055396,7.799703585613004,7.799303425548978
2024-11-07,28.903826275569294,84.12488145832803,7.43508941613697,7.424915346509119
2024-11-08,26.391206674633132,93.60477772769134,4.577590350238512,4.577590350238512
2024-11-09,25.437321705715313,97.74511466311905,11.494923602079753,11.439789570245603
2024-11-10,28.428108535671097,85.3208701913948,3.3519108571311405,3.3519108571311405
2024-11-11,27.94474138212018,90.69658243453269,4.083232533864614,4.083232533864614
2024-11-12,25.632994232572266,96.16069415919213,5.209914844287502,5.209914844287502
2024-11-13,28.459569856247523,84.29495344083139,18.066850897324137,17.604311296472403
2024-11-14,28.699312580731693,86.9283378327784,24.243798075879546,22.873701763086327
2024-11-15,30.808273353743463,76.75787118425612,17.32818192248651,17.203876366930952
2024-11-16,29.12223551126861,83.59716183871554,22.902520327098856,20.764492854468187
2024-11-17,29.56035172898521,81.21753828612144,11.583389854505109,11.55560332322593
2024-11-18,29.31616985530259,80.54764475024054,13.626094519703395,13.580180098325899
2024-11-19,28.471736459580693,83.63210262334287,13.214752911481957,13.188699423847588
2024-11-20,27.888290129653516,85.65281130228651,8.825278444262702,8.784006533499266
2024-11-21,26.54465423506059,92.64486303144938,4.562927703629064,4.562507535561837
2024-11-22,25.95597326289145,93.94644297817781,2.516296714045407,2.4948054859752316
2024-11-23,27.822786686623214,89.91990268299607,6.692121257822521,6.692121257822521
2024-11-24,27.06626007402426,92.04562185344643,3.089613007686752,3.0882124474626624
2024-11-25,27.059271158642606,93.09164758279051,3.9014654564036104,3.901118234181389
2024-11-26,25.280659806574498,97.47877251257837,4.687257271471324,4.685441290841785
2024-11-27,25.280659806574498,97.47877251257837,4.687257271471324,4.685441290841785
2024-11-28,25.064586621378293,97.61936969340265,1.1376851599073823,1.1376851599073823
2024-11-29,25.651182610159015,95.20173539213722,4.7083186184726875,4.7083186184726875
2024-11-30,26.591550138224488,91.540436366035,13.705403194161917,13.685015519680276
2024-12-01,28.201657748596915,87.35929022843952,15.524352136914448,15.265862108424422
2024-12-02,28.312038364373308,85.6152169959114,15.95511993780563,15.760409841902861
2024-12-03,27.55375061471392,90.44823309847641,32.16505123113654,30.10098653188609
2024-12-04,26.39248558311499,92.8023178049301,14.770764622112942,14.696460150067319
2024-12-05,26.42964187933008,92.58661237094286,15.824055624728336,15.133955092990215
2024-12-06,28.248535514238423,85.63417147466289,10.952135886743164,10.928168799908429
2024-12-07,27.873250342625365,90.13718848281422,16.175559503597317,16.080151255180496
2024-12-08,29.23774316093332,83.39302053097764,9.544015811452786,9.541573809010785
2024-12-09,26.57361231675343,93.61683976971678,10.859025672711425,10.809314686622074
2024-12-10,27.30984064492497,91.57068117011774,15.66905348464172,15.46280698604228
2024-12-11,27.846394807076468,86.64844668762227,26.74681020210541,25.158330063091473
2024-12-12,25.42879875308222,97.62526957791007,27.408352183588832,26.088618370523374
2024-12-13,25.772989335537954,96.84561532473604,20.816157467767635,20.698764305374475
2024-12-14,26.15847808406499,96.11210349333471,9.264793298821424,7.715005163228202
2024-12-15,27.680610863336607,88.07746756231973,2.199593130244979,2.199593130244979
2024-12-16,26.007225658469,95.32736988665637,3.478543583823164,3.478543583823164
2024-12-17,27.175400653183875,89.83370768867013,12.792270099660733,12.792270099660733
2024-12-18,27.417674878336815,88.0829634782408,17.331284672789657,17.139371385735704
2024-12-19,26.591428252196803,91.68006293229507,17.529662928047575,17.235320136121498
2024-12-20,27.251000660680518,86.13300158284603,16.106882002992357,16.064364512187797
2024-12-21,27.700617824650305,82.07608401400692,20.52663890916236,20.32768102599461
2024-12-22,27.722771852428114,81.26307553572097,24.968966018086117,24.62910218056761
2024-12-23,26.631685473947414,86.31907318609622,28.105574752723502,27.11835152449162
2024-12-24,26.55429259235679,86.13172116029006,31.030451597740356,28.664918119572906
2024-12-25,26.947164891505665,84.48475553173698,36.10555110969493,31.51181685027335
2024-12-26,27.62019583455009,85.12608347650863,36.2681247694645,29.981721757042667
2024-12-27,27.54598467396491,90.17769186356115,9.561057327102938,9.561057327102938
2024-12-28,28.59680143845145,83.61611369892765,6.487115047561832,6.487115047561832
2024-12-29,27.319121307771884,87.16380276365072,5.987375079685648,5.987375079685648
2024-12-30,27.809007628209002,82.34243759800897,17.981885134507156,17.545713405747566
2024-12-31,27.690160238231147,82.32143144187872,30.952658666001504,27.726246878377705
2025-01-01,27.843827226103407,83.20755245516203,32.84160635982932,29.401176425418175
2025-01-02,27.58466081046788,83.08336866346906,28.83403873645648,27.33041471332847
2025-01-03,27.768831637636968,85.82210133217681,31.9293661039673,29.71979520712385
2025-01-04,27.559025601464338,87.71837239462714,31.200973324546904,25.979911271993473
2025-01-05,27.96476677130235,82.44221465096699,15.910728704830452,15.100540568841593
2025-01-06,28.301955570685795,79.68412735396923,38.91978299051766,34.33654991413123
2025-01-07,27.877138727828783,81.56291671745575,37.832235328980005,32.907694380552854
2025-01-08,27.620727723032118,80.19066974567558,35.33599364444526,31.867905459078152
2025-01-09,27.901817228242336,80.57349381312642,45.9074451250898,37.838313548477736
2025-01-10,27.90070982887525,82.24850424801521,45.36850648705086,38.06472069723877
2025-01-11,26.160633375554227,87.62908596625125,27.68137887923531,26.710686343746534
2025-01-12,26.5244829136823,83.95035744287225,35.58115510266991,32.316448276871355
2025-01-13,26.043302108374426,85.14275249285197,43.978024587022595,36.07318131906866
2025-01-14,26.40054543370611,83.1052819530055,46.04666372905094,38.7835405654729
2025-01-15,24.654381400379634,95.90717377182727,57.939175516426744,42.659869294933145
2025-01-16,27.08810654017508,87.76272067170201,7.676393039471077,7.676393039471077
2025-01-17,27.00096491728192,86.26911601793562,4.879026538776543,4.879026538776543
2025-01-18,25.495660056864665,91.13092385845324,24.548331238974736,21.882992236141963
2025-01-19,26.2682432688902,92.37688820976612,39.54114378814445,35.07791209196992
2025-01-20,27.61451980647527,81.38898352389351,23.74922257297156,22.454197020558794
2025-01-21,27.254220655162136,82.64925653247893,21.266370950767612,21.05950638476803
2025-01-22,27.840408899374058,79.69350343280887,38.0919226887531,34.3788572531934
2025-01-23,27.559989456693653,82.92314930775484,39.821873420037356,35.48321404970954
2025-01-24,26.6504282809025,91.63509198269472,13.767143714876964,13.679725888165176
2025-01-25,28.445240198256208,82.68092844649009,26.050187445042248,25.06097520581602
2025-01-26,27.642648340578674,85.96422011374885,18.21075479681225,17.906114006880458
2025-01-27,27.830047879747752,80.98376031446398,13.615931340847219,13.610323165373638
2025-01-28,27.597878269913775,77.7328924833564,13.838471779498283,13.83633502736153
2025-01-29,27.25247000620759,76.71932882104817,17.979772622506918,17.94948258982718
2025-01-30,26.922284750392837,73.22079537437497,17.639958047357723,17.6100881332904
2025-01-31,26.43549778712148,75.66295701763144,28.901592958719103,27.211723651743466
2025-02-01,26.688550556132665,77.26046246674899,39.806577316027095,34.58003296404031
2025-02-02,26.565364594410312,76.63160886743181,40.99374957961225,35.37420871092496
2025-02-03,26.480207222164136,78.69500974870918,26.63863607716736,25.35515002738021
2025-02-04,27.756800587738137,78.77573145255401,15.537317218825818,15.326553329936928
